Cement,https://www.buildersmart.in/cement
Sand & Aggregates,https://www.buildersmart.in/sand
TMT Steel Bars,https://www.buildersmart.in/tmt-steel
Bricks & Blocks,https://www.buildersmart.in/bricks-blocks
Electrical,https://www.buildersmart.in/electrical
Plumbing,https://www.buildersmart.in/plumbing-html
Wooden Products,https://www.buildersmart.in/wooden-products
Tiles,https://www.buildersmart.in/tiles
Bathroom Accessories,https://www.buildersmart.in/bathroom-accessories
Hardware Fixtures,https://www.buildersmart.in/hardware-fixtures
Paints & Finishes,https://www.buildersmart.in/paints-and-finishes
Lighting & Fixtures,https://www.buildersmart.in/lighting-products
Natural Stones,https://www.buildersmart.in/naturalstones
RMC (Ready Mix Concrete),https://www.buildersmart.in/rmc-151
Roofing Solutions,https://www.buildersmart.in/roofing-solutions
UPVC Doors & Windows,https://www.buildersmart.in/upvcdoors-windows
Home Automation,https://www.buildersmart.in/home-automation
Home Decor,https://www.buildersmart.in/home-decor
Modular Kitchen,https://www.buildersmart.in/modular-kitchen
Construction Chemicals,https://www.buildersmart.in/construction-chemicals
Glass Hardware,https://www.buildersmart.in/glass-hardware